ID,Name,Club,Position,Value,Points
5,Taulupe Faletau,Wales,BACK-ROW,13.9,2.5380285
5,Taulupe Faletau,Wales,BACK-ROW,12.7,18.322313
5,Taulupe Faletau,Wales,BACK-ROW,12.9,21.203434
5,Taulupe Faletau,Wales,BACK-ROW,13.0,26.628487
5,Taulupe Faletau,Wales,BACK-ROW,13.9,26.739796
17,Elliot Dee,Wales,HOOKER,12.0,10.256404
17,Elliot Dee,Wales,HOOKER,12.4,9.757619
17,Elliot Dee,Wales,HOOKER,12.4,18.505304
17,Elliot Dee,Wales,HOOKER,11.9,23.601458
17,Elliot Dee,Wales,HOOKER,12.4,19.038237
18,Josh Adams,Wales,BACK-THREE,13.0,15.825266
18,Josh Adams,Wales,BACK-THREE,12.5,14.59328
18,Josh Adams,Wales,BACK-THREE,13.0,-0.58101475
18,Josh Adams,Wales,BACK-THREE,13.0,-1.5802321
18,Josh Adams,Wales,BACK-THREE,11.4,-1.9446008
27,Tomos Williams,Wales,SCRUM-HALF,15.0,18.052084
27,Tomos Williams,Wales,SCRUM-HALF,14.7,15.468239
27,Tomos Williams,Wales,SCRUM-HALF,14.1,13.005363
27,Tomos Williams,Wales,SCRUM-HALF,13.5,9.701761
27,Tomos Williams,Wales,SCRUM-HALF,13.1,10.8418865
28,Aaron Wainwright,Wales,BACK-ROW,16.0,22.230322
28,Aaron Wainwright,Wales,BACK-ROW,16.0,9.472643
28,Aaron Wainwright,Wales,BACK-ROW,16.7,10.8840885
28,Aaron Wainwright,Wales,BACK-ROW,16.6,15.079375
28,Aaron Wainwright,Wales,BACK-ROW,16.8,31.01814
30,Tommaso Allan,Italy,FLY-HALF,11.0,15.605494
30,Tommaso Allan,Italy,FLY-HALF,11.4,17.170504
30,Tommaso Allan,Italy,FLY-HALF,11.8,11.469763
30,Tommaso Allan,Italy,FLY-HALF,11.8,2.0779464
30,Tommaso Allan,Italy,FLY-HALF,11.9,11.779377
45,Federico Ruzza,Italy,SECOND-ROW,14.0,20.693708
45,Federico Ruzza,Italy,SECOND-ROW,13.9,18.300455
45,Federico Ruzza,Italy,SECOND-ROW,13.6,16.905575
45,Federico Ruzza,Italy,SECOND-ROW,13.6,17.196585
45,Federico Ruzza,Italy,SECOND-ROW,13.3,11.952137
48,Sebastian Negri,Italy,BACK-ROW,12.0,18.521904
48,Sebastian Negri,Italy,BACK-ROW,13.0,18.562017
48,Sebastian Negri,Italy,BACK-ROW,13.3,17.765163
48,Sebastian Negri,Italy,BACK-ROW,13.3,21.021101
48,Sebastian Negri,Italy,BACK-ROW,13.5,18.662842
55,Cian Healy,Ireland,PROP,9.0,7.853226
55,Cian Healy,Ireland,PROP,9.1,6.14327
55,Cian Healy,Ireland,PROP,10.1,1.8221993
55,Cian Healy,Ireland,PROP,9.1,9.572204
55,Cian Healy,Ireland,PROP,10.1,4.9054384
57,Peter O'Mahony,Ireland,BACK-ROW,12.0,2.3259912
57,Peter O'Mahony,Ireland,BACK-ROW,10.8,16.617537
57,Peter O'Mahony,Ireland,BACK-ROW,11.3,15.816816
57,Peter O'Mahony,Ireland,BACK-ROW,12.0,15.211367
57,Peter O'Mahony,Ireland,BACK-ROW,12.0,4.44236
58,Conor Murray,Ireland,SCRUM-HALF,11.0,7.950303
58,Conor Murray,Ireland,SCRUM-HALF,11.0,7.146849
58,Conor Murray,Ireland,SCRUM-HALF,11.1,6.9345465
58,Conor Murray,Ireland,SCRUM-HALF,11.1,7.7939434
58,Conor Murray,Ireland,SCRUM-HALF,11.2,9.008988
61,Iain Henderson,Ireland,SECOND-ROW,10.0,8.724683
61,Iain Henderson,Ireland,SECOND-ROW,10.0,0.9291316
61,Iain Henderson,Ireland,SECOND-ROW,10.0,1.4586775
61,Iain Henderson,Ireland,SECOND-ROW,10.0,1.1874735
61,Iain Henderson,Ireland,SECOND-ROW,9.5,0.92037934
62,Bundee Aki,Ireland,CENTRE,15.0,23.870312
62,Bundee Aki,Ireland,CENTRE,15.7,26.317293
62,Bundee Aki,Ireland,CENTRE,15.3,10.303434
62,Bundee Aki,Ireland,CENTRE,15.5,20.808113
62,Bundee Aki,Ireland,CENTRE,15.5,3.3513014
64,Robbie Henshaw,Ireland,CENTRE,14.0,10.100813
64,Robbie Henshaw,Ireland,CENTRE,13.9,21.282572
64,Robbie Henshaw,Ireland,CENTRE,14.3,23.289633
64,Robbie Henshaw,Ireland,CENTRE,14.2,22.854357
64,Robbie Henshaw,Ireland,CENTRE,14.1,16.780848
67,Tadhg Furlong,Ireland,PROP,11.1,1.338737
67,Tadhg Furlong,Ireland,PROP,11.1,2.1362932
67,Tadhg Furlong,Ireland,PROP,11.1,1.8872083
67,Tadhg Furlong,Ireland,PROP,11.1,0.7998513
67,Tadhg Furlong,Ireland,PROP,11.1,8.117935
68,Josh van der Flier,Ireland,BACK-ROW,15.0,24.177397
68,Josh van der Flier,Ireland,BACK-ROW,15.2,21.145863
68,Josh van der Flier,Ireland,BACK-ROW,15.8,19.015451
68,Josh van der Flier,Ireland,BACK-ROW,15.6,18.31603
68,Josh van der Flier,Ireland,BACK-ROW,15.6,18.431398
72,Garry Ringrose,Ireland,CENTRE,14.0,22.799078
72,Garry Ringrose,Ireland,CENTRE,13.9,8.347869
72,Garry Ringrose,Ireland,CENTRE,13.7,18.42531
72,Garry Ringrose,Ireland,CENTRE,14.0,-1.2073588
72,Garry Ringrose,Ireland,CENTRE,13.2,10.993538
73,Jacob Stockdale,Ireland,BACK-THREE,10.6,0.07076226
73,Jacob Stockdale,Ireland,BACK-THREE,10.6,0.49364352
73,Jacob Stockdale,Ireland,BACK-THREE,10.6,0.40314496
73,Jacob Stockdale,Ireland,BACK-THREE,10.6,-0.027719453
73,Jacob Stockdale,Ireland,BACK-THREE,10.6,0.21284138
74,Andrew Porter,Ireland,PROP,15.0,24.177397
74,Andrew Porter,Ireland,PROP,15.3,22.287615
74,Andrew Porter,Ireland,PROP,15.4,18.973562
74,Andrew Porter,Ireland,PROP,15.4,17.731474
74,Andrew Porter,Ireland,PROP,15.1,15.193954
80,Jonny Gray,Scotland,SECOND-ROW,10.0,15.830507
80,Jonny Gray,Scotland,SECOND-ROW,10.4,15.141733
80,Jonny Gray,Scotland,SECOND-ROW,10.8,13.250513
80,Jonny Gray,Scotland,SECOND-ROW,10.9,13.440416
80,Jonny Gray,Scotland,SECOND-ROW,11.3,6.0274305
82,Huw Jones,Scotland,CENTRE,16.0,23.338247
82,Huw Jones,Scotland,CENTRE,17.9,30.89284
82,Huw Jones,Scotland,CENTRE,17.7,27.053934
82,Huw Jones,Scotland,CENTRE,17.7,30.55408
82,Huw Jones,Scotland,CENTRE,17.6,29.987745
83,Finn Russell,Scotland,FLY-HALF,20.0,27.19096
83,Finn Russell,Scotland,FLY-HALF,19.5,22.71998
83,Finn Russell,Scotland,FLY-HALF,19.1,18.72957
83,Finn Russell,Scotland,FLY-HALF,18.1,17.437548
83,Finn Russell,Scotland,FLY-HALF,18.3,17.212156
84,Grant Gilchrist,Scotland,SECOND-ROW,11.0,17.173174
84,Grant Gilchrist,Scotland,SECOND-ROW,11.5,16.941345
84,Grant Gilchrist,Scotland,SECOND-ROW,11.4,14.431688
84,Grant Gilchrist,Scotland,SECOND-ROW,11.3,11.330244
84,Grant Gilchrist,Scotland,SECOND-ROW,11.3,10.923397
93,Zander Fagerson,Scotland,PROP,14.0,21.607737
93,Zander Fagerson,Scotland,PROP,14.1,22.435038
93,Zander Fagerson,Scotland,PROP,14.0,20.352571
93,Zander Fagerson,Scotland,PROP,13.6,17.359911
93,Zander Fagerson,Scotland,PROP,13.6,15.394396
98,Blair Kinghorn,Scotland,BACK-THREE,17.0,24.390089
98,Blair Kinghorn,Scotland,BACK-THREE,17.4,31.183367
98,Blair Kinghorn,Scotland,BACK-THREE,17.7,41.53594
98,Blair Kinghorn,Scotland,BACK-THREE,18.2,48.736164
98,Blair Kinghorn,Scotland,BACK-THREE,19.5,48.54629
99,Adam Hastings,Scotland,FLY-HALF,12.0,0.05612211
99,Adam Hastings,Scotland,FLY-HALF,12.0,0.10863869
99,Adam Hastings,Scotland,FLY-HALF,12.0,-0.10685964
99,Adam Hastings,Scotland,FLY-HALF,12.0,-0.15827419
99,Adam Hastings,Scotland,FLY-HALF,12.0,-0.056879833
100,Darcy Graham,Scotland,BACK-THREE,16.0,23.338247
100,Darcy Graham,Scotland,BACK-THREE,17.0,25.200098
100,Darcy Graham,Scotland,BACK-THREE,17.3,6.047792
100,Darcy Graham,Scotland,BACK-THREE,16.6,27.943165
100,Darcy Graham,Scotland,BACK-THREE,17.3,22.600246
101,Jamie Bhatti,Scotland,PROP,6.8,-0.98744977
101,Jamie Bhatti,Scotland,PROP,6.8,-1.4254694
101,Jamie Bhatti,Scotland,PROP,6.8,4.3927736
101,Jamie Bhatti,Scotland,PROP,6.8,-1.9691536
101,Jamie Bhatti,Scotland,PROP,6.7,-0.7193334
102,Romain Taofifenua,France,SECOND-ROW,9.7,0.07753293
102,Romain Taofifenua,France,SECOND-ROW,9.7,0.6349648
102,Romain Taofifenua,France,SECOND-ROW,9.6,6.1303797
102,Romain Taofifenua,France,SECOND-ROW,9.7,0.8405441
102,Romain Taofifenua,France,SECOND-ROW,9.7,0.5598285
104,Baptiste Serin,France,SCRUM-HALF,11.0,-0.14139111
104,Baptiste Serin,France,SCRUM-HALF,11.0,0.21320198
104,Baptiste Serin,France,SCRUM-HALF,11.0,-0.070293084
104,Baptiste Serin,France,SCRUM-HALF,11.0,-0.07916297
104,Baptiste Serin,France,SCRUM-HALF,11.0,0.34521604
105,Cyril Baille,France,PROP,13.0,10.939533
105,Cyril Baille,France,PROP,13.0,10.501078
105,Cyril Baille,France,PROP,13.1,10.683851
105,Cyril Baille,France,PROP,13.1,12.493041
105,Cyril Baille,France,PROP,13.6,13.647257
106,Gael Fickou,France,CENTRE,13.4,1.4309274
106,Gael Fickou,France,CENTRE,13.4,1.9220635
106,Gael Fickou,France,CENTRE,13.4,1.1865635
106,Gael Fickou,France,CENTRE,13.4,1.1705874
106,Gael Fickou,France,CENTRE,13.4,21.472145
108,Thomas Ramos,France,BACK-THREE,19.0,27.378727
108,Thomas Ramos,France,BACK-THREE,19.4,32.32175
108,Thomas Ramos,France,BACK-THREE,19.6,39.081516
108,Thomas Ramos,France,BACK-THREE,20.0,34.866184
108,Thomas Ramos,France,BACK-THREE,20.3,32.94796
110,Julien Marchand,France,HOOKER,13.0,10.939533
110,Julien Marchand,France,HOOKER,13.8,12.760505
110,Julien Marchand,France,HOOKER,13.7,12.099281
110,Julien Marchand,France,HOOKER,13.9,15.136671
110,Julien Marchand,France,HOOKER,14.6,12.480163
111,Dorian Aldegheri,France,PROP,9.2,-0.08571501
111,Dorian Aldegheri,France,PROP,9.2,0.3847788
111,Dorian Aldegheri,France,PROP,8.7,5.4729366
111,Dorian Aldegheri,France,PROP,8.8,5.238462
111,Dorian Aldegheri,France,PROP,9.2,7.914399
114,Damian Penaud,France,BACK-THREE,18.8,8.113932
114,Damian Penaud,France,BACK-THREE,18.6,25.505915
114,Damian Penaud,France,BACK-THREE,18.8,10.401297
114,Damian Penaud,France,BACK-THREE,18.5,29.484434
114,Damian Penaud,France,BACK-THREE,18.8,38.148087
116,Romain Ntamack,France,FLY-HALF,18.0,26.434214
116,Romain Ntamack,France,FLY-HALF,18.0,-0.83969367
116,Romain Ntamack,France,FLY-HALF,18.0,-0.78325194
116,Romain Ntamack,France,FLY-HALF,16.6,11.068447
116,Romain Ntamack,France,FLY-HALF,16.1,22.239664
118,Gregory Alldritt,France,BACK-ROW,17.0,26.360012
118,Gregory Alldritt,France,BACK-ROW,19.1,30.138197
118,Gregory Alldritt,France,BACK-ROW,19.1,31.14002
118,Gregory Alldritt,France,BACK-ROW,20.0,32.60732
118,Gregory Alldritt,France,BACK-ROW,19.8,31.633753
121,George Ford,England,FLY-HALF,12.8,0.38755375
121,George Ford,England,FLY-HALF,12.8,0.41515756
121,George Ford,England,FLY-HALF,12.8,0.70053995
121,George Ford,England,FLY-HALF,12.8,0.7874712
121,George Ford,England,FLY-HALF,12.8,6.6994476
122,Jamie George,England,HOOKER,15.1,4.44357
122,Jamie George,England,HOOKER,14.7,11.16588
122,Jamie George,England,HOOKER,14.6,12.632706
122,Jamie George,England,HOOKER,15.0,26.373152
122,Jamie George,England,HOOKER,15.1,15.833147
131,Henry Slade,England,CENTRE,12.0,17.488329
131,Henry Slade,England,CENTRE,12.0,18.110674
131,Henry Slade,England,CENTRE,11.7,14.7029085
131,Henry Slade,England,CENTRE,12.0,-3.0055807
131,Henry Slade,England,CENTRE,11.7,-2.0412898
141,Elliot Daly,England,BACK-THREE,12.7,0.3299957
141,Elliot Daly,England,BACK-THREE,11.7,7.813075
141,Elliot Daly,England,BACK-THREE,12.5,11.160702
141,Elliot Daly,England,BACK-THREE,12.7,26.84138
141,Elliot Daly,England,BACK-THREE,12.7,31.41334
144,Luke Cowan-Dickie,England,HOOKER,12.0,18.355316
144,Luke Cowan-Dickie,England,HOOKER,12.3,16.305529
144,Luke Cowan-Dickie,England,HOOKER,12.3,13.8821125
144,Luke Cowan-Dickie,England,HOOKER,12.4,2.9912133
144,Luke Cowan-Dickie,England,HOOKER,12.2,13.375658
145,Maro Itoje,England,SECOND-ROW,17.0,23.9271
145,Maro Itoje,England,SECOND-ROW,16.8,22.010729
145,Maro Itoje,England,SECOND-ROW,16.9,19.030493
145,Maro Itoje,England,SECOND-ROW,16.9,16.17763
145,Maro Itoje,England,SECOND-ROW,16.6,16.039614
149,Ellis Genge,England,PROP,14.0,20.941408
149,Ellis Genge,England,PROP,13.9,19.686216
149,Ellis Genge,England,PROP,14.1,17.621515
149,Ellis Genge,England,PROP,14.1,14.796406
149,Ellis Genge,England,PROP,13.8,12.678225
150,Tom Curry,England,BACK-ROW,14.0,20.941408
150,Tom Curry,England,BACK-ROW,15.2,23.351488
150,Tom Curry,England,BACK-ROW,15.8,23.19959
150,Tom Curry,England,BACK-ROW,15.9,22.720894
150,Tom Curry,England,BACK-ROW,16.7,21.989471
152,James Ryan,Ireland,SECOND-ROW,13.0,21.31117
152,James Ryan,Ireland,SECOND-ROW,12.8,17.225504
152,James Ryan,Ireland,SECOND-ROW,13.0,3.711594
152,James Ryan,Ireland,SECOND-ROW,12.8,5.861676
152,James Ryan,Ireland,SECOND-ROW,12.9,18.449156
154,Nick Tompkins,Wales,CENTRE,13.0,15.825266
154,Nick Tompkins,Wales,CENTRE,13.1,16.259665
154,Nick Tompkins,Wales,CENTRE,13.1,0.70954585
154,Nick Tompkins,Wales,CENTRE,13.1,1.8920349
154,Nick Tompkins,Wales,CENTRE,11.8,5.8917894
157,Jarrod Evans,Wales,FLY-HALF,11.7,0.4009239
157,Jarrod Evans,Wales,FLY-HALF,11.7,0.21277116
157,Jarrod Evans,Wales,FLY-HALF,10.9,8.00095
157,Jarrod Evans,Wales,FLY-HALF,11.4,10.74375
157,Jarrod Evans,Wales,FLY-HALF,11.7,11.630934
158,WillGriff John,Wales,PROP,8.5,-0.21201034
158,WillGriff John,Wales,PROP,8.5,-0.86059606
158,WillGriff John,Wales,PROP,7.8,12.060763
158,WillGriff John,Wales,PROP,8.3,15.83142
158,WillGriff John,Wales,PROP,8.5,10.176716
159,Will Rowlands,Wales,SECOND-ROW,10.0,15.786656
159,Will Rowlands,Wales,SECOND-ROW,10.9,15.301916
159,Will Rowlands,Wales,SECOND-ROW,10.8,14.785011
159,Will Rowlands,Wales,SECOND-ROW,11.3,16.0772
159,Will Rowlands,Wales,SECOND-ROW,11.5,14.258318
168,Marco Riccioni,Italy,PROP,8.0,7.494934
168,Marco Riccioni,Italy,PROP,8.2,6.014226
168,Marco Riccioni,Italy,PROP,8.2,-1.2603859
168,Marco Riccioni,Italy,PROP,8.0,11.008903
168,Marco Riccioni,Italy,PROP,8.2,-2.6603482
169,Giosue Zilocchi,Italy,PROP,8.8,0.044800863
169,Giosue Zilocchi,Italy,PROP,8.8,-1.019769
169,Giosue Zilocchi,Italy,PROP,8.7,7.173498
169,Giosue Zilocchi,Italy,PROP,8.8,0.36787516
169,Giosue Zilocchi,Italy,PROP,8.8,7.447723
171,Danilo Fischetti,Italy,PROP,12.0,18.521904
171,Danilo Fischetti,Italy,PROP,12.8,16.26795
171,Danilo Fischetti,Italy,PROP,12.9,14.693535
171,Danilo Fischetti,Italy,PROP,13.0,13.623266
171,Danilo Fischetti,Italy,PROP,13.1,14.574382
173,Niccolo Cannone,Italy,SECOND-ROW,13.0,9.938145
173,Niccolo Cannone,Italy,SECOND-ROW,13.0,18.407974
173,Niccolo Cannone,Italy,SECOND-ROW,12.8,19.222637
173,Niccolo Cannone,Italy,SECOND-ROW,12.7,20.183985
173,Niccolo Cannone,Italy,SECOND-ROW,12.6,3.2247608
176,Rob Herring,Ireland,HOOKER,9.4,0.18640713
176,Rob Herring,Ireland,HOOKER,9.4,0.7522755
176,Rob Herring,Ireland,HOOKER,9.4,0.48481184
176,Rob Herring,Ireland,HOOKER,9.4,7.08466
176,Rob Herring,Ireland,HOOKER,9.3,0.79745984
182,Caelan Doris,Ireland,BACK-ROW,18.0,27.988962
182,Caelan Doris,Ireland,BACK-ROW,17.9,26.606256
182,Caelan Doris,Ireland,BACK-ROW,18.5,10.208049
182,Caelan Doris,Ireland,BACK-ROW,18.3,25.948633
182,Caelan Doris,Ireland,BACK-ROW,18.5,26.27857
183,Ronan Kelleher,Ireland,HOOKER,13.0,21.31117
183,Ronan Kelleher,Ireland,HOOKER,13.4,19.323544
183,Ronan Kelleher,Ireland,HOOKER,13.4,2.2174785
183,Ronan Kelleher,Ireland,HOOKER,13.4,1.2782497
183,Ronan Kelleher,Ireland,HOOKER,12.7,0.7363531
184,Tom O'Toole,Ireland,PROP,7.9,-0.4383757
184,Tom O'Toole,Ireland,PROP,7.9,0.08218931
184,Tom O'Toole,Ireland,PROP,7.9,-0.15727802
184,Tom O'Toole,Ireland,PROP,7.9,-0.9120097
184,Tom O'Toole,Ireland,PROP,7.9,0.03434889
187,Rory Sutherland,Scotland,PROP,9.0,7.238763
187,Rory Sutherland,Scotland,PROP,9.3,14.721149
187,Rory Sutherland,Scotland,PROP,9.3,0.28342527
187,Rory Sutherland,Scotland,PROP,9.1,7.5126743
187,Rory Sutherland,Scotland,PROP,9.1,5.404357
190,George Horne,Scotland,SCRUM-HALF,10.0,7.4208508
190,George Horne,Scotland,SCRUM-HALF,10.0,-0.76193917
190,George Horne,Scotland,SCRUM-HALF,10.0,-0.18281068
190,George Horne,Scotland,SCRUM-HALF,9.5,7.425434
190,George Horne,Scotland,SCRUM-HALF,10.0,0.44958568
191,Kyle Steyn,Scotland,BACK-THREE,13.0,0.5279398
191,Kyle Steyn,Scotland,BACK-THREE,13.0,0.5357456
191,Kyle Steyn,Scotland,BACK-THREE,13.0,0.27252346
191,Kyle Steyn,Scotland,BACK-THREE,13.0,0.22731785
191,Kyle Steyn,Scotland,BACK-THREE,13.0,0.3264205
199,Maxime Lucu,France,SCRUM-HALF,11.4,0.0048376173
199,Maxime Lucu,France,SCRUM-HALF,11.4,0.3545779
199,Maxime Lucu,France,SCRUM-HALF,10.6,6.2604737
199,Maxime Lucu,France,SCRUM-HALF,11.0,5.8543243
199,Maxime Lucu,France,SCRUM-HALF,11.4,22.81706
206,Francois Cros,France,BACK-ROW,16.0,25.11368
206,Francois Cros,France,BACK-ROW,16.1,21.793844
206,Francois Cros,France,BACK-ROW,16.1,18.023546
206,Francois Cros,France,BACK-ROW,15.9,15.811975
206,Francois Cros,France,BACK-ROW,15.9,16.713697
208,Peato Mauvaka,France,HOOKER,15.0,23.760912
208,Peato Mauvaka,France,HOOKER,15.1,21.040178
208,Peato Mauvaka,France,HOOKER,15.2,18.647324
208,Peato Mauvaka,France,HOOKER,15.6,17.476564
208,Peato Mauvaka,France,HOOKER,15.7,18.715162
211,Dylan Cretin,France,BACK-ROW,9.2,-0.08571501
211,Dylan Cretin,France,BACK-ROW,9.2,0.3847788
211,Dylan Cretin,France,BACK-ROW,9.2,0.0010738224
211,Dylan Cretin,France,BACK-ROW,9.2,0.08819227
211,Dylan Cretin,France,BACK-ROW,9.2,0.23055528
218,Jean-Baptiste Gros,France,PROP,10.0,16.565004
218,Jean-Baptiste Gros,France,PROP,10.6,15.422983
218,Jean-Baptiste Gros,France,PROP,10.8,13.691961
218,Jean-Baptiste Gros,France,PROP,10.6,11.764338
218,Jean-Baptiste Gros,France,PROP,10.9,12.201384
230,Will Stuart,England,PROP,9.0,14.589331
230,Will Stuart,England,PROP,9.2,12.323617
230,Will Stuart,England,PROP,9.3,10.990475
230,Will Stuart,England,PROP,9.4,9.702225
230,Will Stuart,England,PROP,9.8,9.236005
233,Ben Earl,England,BACK-ROW,20.0,27.069708
233,Ben Earl,England,BACK-ROW,20.2,28.977812
233,Ben Earl,England,BACK-ROW,20.4,31.974098
233,Ben Earl,England,BACK-ROW,20.6,33.53861
233,Ben Earl,England,BACK-ROW,20.9,34.861828
234,Ted Hill,England,SECOND-ROW,7.0,-0.36080873
234,Ted Hill,England,SECOND-ROW,7.0,-1.3839822
234,Ted Hill,England,SECOND-ROW,6.8,4.99689
234,Ted Hill,England,SECOND-ROW,7.0,5.221116
234,Ted Hill,England,SECOND-ROW,7.0,-0.7695911
236,Fraser Dingwall,England,CENTRE,10.4,-0.23543371
236,Fraser Dingwall,England,CENTRE,10.4,-0.50329566
236,Fraser Dingwall,England,CENTRE,10.4,-0.24557759
236,Fraser Dingwall,England,CENTRE,10.4,17.139133
236,Fraser Dingwall,England,CENTRE,10.4,13.730787
238,Alexandre Roumat,France,SECOND-ROW,11.0,17.933428
238,Alexandre Roumat,France,SECOND-ROW,11.0,15.024229
238,Alexandre Roumat,France,SECOND-ROW,11.4,3.2117302
238,Alexandre Roumat,France,SECOND-ROW,11.4,-1.3249811
238,Alexandre Roumat,France,SECOND-ROW,11.2,2.2619932
241,Jamie Ritchie,Scotland,BACK-ROW,12.0,18.569002
241,Jamie Ritchie,Scotland,BACK-ROW,12.1,7.9728193
241,Jamie Ritchie,Scotland,BACK-ROW,12.4,17.310163
241,Jamie Ritchie,Scotland,BACK-ROW,12.7,17.558668
241,Jamie Ritchie,Scotland,BACK-ROW,12.9,17.044134
242,Uini Atonio,France,PROP,11.0,17.933428
242,Uini Atonio,France,PROP,11.1,15.536544
242,Uini Atonio,France,PROP,11.1,12.298172
242,Uini Atonio,France,PROP,10.9,9.590935
242,Uini Atonio,France,PROP,11.0,10.333033
246,Sam Skinner,Scotland,SECOND-ROW,10.0,-0.059326306
246,Sam Skinner,Scotland,SECOND-ROW,10.0,7.344067
246,Sam Skinner,Scotland,SECOND-ROW,10.0,6.874945
246,Sam Skinner,Scotland,SECOND-ROW,10.0,-0.35905802
246,Sam Skinner,Scotland,SECOND-ROW,9.7,2.243262
247,Matt Fagerson,Scotland,BACK-ROW,14.0,21.607737
247,Matt Fagerson,Scotland,BACK-ROW,14.0,21.332945
247,Matt Fagerson,Scotland,BACK-ROW,13.9,7.1655383
247,Matt Fagerson,Scotland,BACK-ROW,14.2,6.951168
247,Matt Fagerson,Scotland,BACK-ROW,14.8,21.320578
249,Anthony Jelonch,France,BACK-ROW,12.0,1.7361376
249,Anthony Jelonch,France,BACK-ROW,12.0,2.400489
249,Anthony Jelonch,France,BACK-ROW,11.5,7.9330835
249,Anthony Jelonch,France,BACK-ROW,11.8,9.22701
249,Anthony Jelonch,France,BACK-ROW,12.0,9.941712
257,Stuart McCloskey,Ireland,CENTRE,8.7,-0.64445806
257,Stuart McCloskey,Ireland,CENTRE,8.7,-0.15529652
257,Stuart McCloskey,Ireland,CENTRE,8.7,-0.29459107
257,Stuart McCloskey,Ireland,CENTRE,8.7,-0.7281168
257,Stuart McCloskey,Ireland,CENTRE,8.7,-0.3709222
258,Ryan Baird,Ireland,BACK-ROW,12.0,19.781595
258,Ryan Baird,Ireland,BACK-ROW,12.4,9.159293
258,Ryan Baird,Ireland,BACK-ROW,12.6,7.647056
258,Ryan Baird,Ireland,BACK-ROW,12.5,8.39032
258,Ryan Baird,Ireland,BACK-ROW,12.3,5.431753
263,Nicky Smith,Wales,PROP,7.0,8.158455
263,Nicky Smith,Wales,PROP,7.4,7.9031887
263,Nicky Smith,Wales,PROP,7.3,13.433341
263,Nicky Smith,Wales,PROP,7.4,17.261168
263,Nicky Smith,Wales,PROP,8.0,14.548386
264,Sam Parry,Wales,HOOKER,6.6,-0.4660315
264,Sam Parry,Wales,HOOKER,6.6,-1.1517595
264,Sam Parry,Wales,HOOKER,6.6,-1.360963
264,Sam Parry,Wales,HOOKER,6.6,0.32746172
264,Sam Parry,Wales,HOOKER,6.6,-0.8261446
273,Simone Ferrari,Italy,PROP,9.0,14.698555
273,Simone Ferrari,Italy,PROP,9.7,12.021288
273,Simone Ferrari,Italy,PROP,9.7,10.977917
273,Simone Ferrari,Italy,PROP,9.8,3.745115
273,Simone Ferrari,Italy,PROP,9.8,10.250304
275,Marco Zanon,Italy,CENTRE,7.6,-0.6823611
275,Marco Zanon,Italy,CENTRE,7.6,-1.4976985
275,Marco Zanon,Italy,CENTRE,7.6,-1.2324145
275,Marco Zanon,Italy,CENTRE,7.6,-0.501358
275,Marco Zanon,Italy,CENTRE,7.6,-1.5245242
277,Paolo Garbisi,Italy,FLY-HALF,18.0,22.903627
277,Paolo Garbisi,Italy,FLY-HALF,17.4,22.043333
277,Paolo Garbisi,Italy,FLY-HALF,17.1,23.11095
277,Paolo Garbisi,Italy,FLY-HALF,17.2,22.73813
277,Paolo Garbisi,Italy,FLY-HALF,17.1,20.243698
278,Jacopo Trulla,Italy,BACK-THREE,10.8,-0.20664985
278,Jacopo Trulla,Italy,BACK-THREE,10.8,7.5616913
278,Jacopo Trulla,Italy,BACK-THREE,10.8,8.134609
278,Jacopo Trulla,Italy,BACK-THREE,10.8,1.411606
278,Jacopo Trulla,Italy,BACK-THREE,10.7,1.7198545
279,Gianmarco Lucchesi,Italy,HOOKER,13.0,9.938145
279,Gianmarco Lucchesi,Italy,HOOKER,13.2,10.287448
279,Gianmarco Lucchesi,Italy,HOOKER,13.2,21.629217
279,Gianmarco Lucchesi,Italy,HOOKER,13.4,15.308924
279,Gianmarco Lucchesi,Italy,HOOKER,13.3,21.154648
281,Stephen Varney,Italy,SCRUM-HALF,10.4,-0.26929992
281,Stephen Varney,Italy,SCRUM-HALF,10.4,-0.5113628
281,Stephen Varney,Italy,SCRUM-HALF,10.4,-0.17122824
281,Stephen Varney,Italy,SCRUM-HALF,10.4,14.398847
281,Stephen Varney,Italy,SCRUM-HALF,10.2,5.559784
282,Riccardo Favretto,Italy,SECOND-ROW,7.8,-0.17027296
282,Riccardo Favretto,Italy,SECOND-ROW,7.8,-1.4318564
282,Riccardo Favretto,Italy,SECOND-ROW,7.8,6.39069
282,Riccardo Favretto,Italy,SECOND-ROW,7.8,7.6122494
282,Riccardo Favretto,Italy,SECOND-ROW,7.8,-1.2054261
283,Jamison Gibson-Park,Ireland,SCRUM-HALF,16.0,24.942423
283,Jamison Gibson-Park,Ireland,SCRUM-HALF,17.0,25.250822
283,Jamison Gibson-Park,Ireland,SCRUM-HALF,16.6,21.972094
283,Jamison Gibson-Park,Ireland,SCRUM-HALF,17.2,19.065248
283,Jamison Gibson-Park,Ireland,SCRUM-HALF,16.2,12.833266
286,Jack Conan,Ireland,BACK-ROW,12.0,10.42361
286,Jack Conan,Ireland,BACK-ROW,12.5,10.91586
286,Jack Conan,Ireland,BACK-ROW,13.4,24.424004
286,Jack Conan,Ireland,BACK-ROW,14.5,20.052177
286,Jack Conan,Ireland,BACK-ROW,15.3,27.234533
290,Finlay Bealham,Ireland,PROP,11.0,18.285795
290,Finlay Bealham,Ireland,PROP,11.0,15.317921
290,Finlay Bealham,Ireland,PROP,11.6,4.080431
290,Finlay Bealham,Ireland,PROP,11.6,13.081293
290,Finlay Bealham,Ireland,PROP,11.8,14.179909
291,Tadhg Beirne,Ireland,SECOND-ROW,17.0,26.83084
291,Tadhg Beirne,Ireland,SECOND-ROW,17.6,24.204615
291,Tadhg Beirne,Ireland,SECOND-ROW,17.6,18.724054
291,Tadhg Beirne,Ireland,SECOND-ROW,16.9,16.629055
291,Tadhg Beirne,Ireland,SECOND-ROW,16.6,15.367409
292,Hugo Keenan,Ireland,BACK-THREE,14.0,22.799078
292,Hugo Keenan,Ireland,BACK-THREE,13.7,21.721308
292,Hugo Keenan,Ireland,BACK-THREE,14.0,3.6336267
292,Hugo Keenan,Ireland,BACK-THREE,12.9,19.423937
292,Hugo Keenan,Ireland,BACK-THREE,13.6,21.934576
298,Duhan van der Merwe,Scotland,BACK-THREE,19.0,26.266054
298,Duhan van der Merwe,Scotland,BACK-THREE,19.0,30.263653
298,Duhan van der Merwe,Scotland,BACK-THREE,19.1,36.307568
298,Duhan van der Merwe,Scotland,BACK-THREE,20.2,42.949192
298,Duhan van der Merwe,Scotland,BACK-THREE,20.2,39.144264
321,Gavin Coombes,Ireland,BACK-ROW,7.8,-0.47038043
321,Gavin Coombes,Ireland,BACK-ROW,7.8,0.041593
321,Gavin Coombes,Ireland,BACK-ROW,7.8,-0.20058198
321,Gavin Coombes,Ireland,BACK-ROW,7.8,-0.9516332
321,Gavin Coombes,Ireland,BACK-ROW,7.8,-0.01554729
322,Mack Hansen,Ireland,BACK-THREE,14.0,22.799078
322,Mack Hansen,Ireland,BACK-THREE,14.0,3.6466596
322,Mack Hansen,Ireland,BACK-THREE,13.8,20.117792
322,Mack Hansen,Ireland,BACK-THREE,14.0,0.3179531
322,Mack Hansen,Ireland,BACK-THREE,13.1,17.557253
324,Dan Sheehan,Ireland,HOOKER,18.0,16.17272
324,Dan Sheehan,Ireland,HOOKER,18.4,18.00323
324,Dan Sheehan,Ireland,HOOKER,18.2,27.995068
324,Dan Sheehan,Ireland,HOOKER,17.8,28.695894
324,Dan Sheehan,Ireland,HOOKER,18.0,25.622004
328,Cian Prendergast,Ireland,BACK-ROW,7.6,-0.5338763
328,Cian Prendergast,Ireland,BACK-ROW,7.6,-0.039632216
328,Cian Prendergast,Ireland,BACK-ROW,7.6,-0.2872923
328,Cian Prendergast,Ireland,BACK-ROW,7.6,-1.0311273
328,Cian Prendergast,Ireland,BACK-ROW,7.6,-0.11557318
332,Gareth Anscombe,Wales,FLY-HALF,12.3,0.59366345
332,Gareth Anscombe,Wales,FLY-HALF,12.3,0.40795958
332,Gareth Anscombe,Wales,FLY-HALF,11.9,15.047135
332,Gareth Anscombe,Wales,FLY-HALF,12.3,16.9908
332,Gareth Anscombe,Wales,FLY-HALF,12.2,18.892923
333,Gareth Thomas,Wales,PROP,11.0,17.091105
333,Gareth Thomas,Wales,PROP,11.5,15.005074
333,Gareth Thomas,Wales,PROP,11.5,4.322381
333,Gareth Thomas,Wales,PROP,11.4,6.286966
333,Gareth Thomas,Wales,PROP,12.0,7.5422697
338,Dewi Lake,Wales,HOOKER,10.5,0.40665758
338,Dewi Lake,Wales,HOOKER,10.5,-0.18075903
338,Dewi Lake,Wales,HOOKER,10.5,0.29287124
338,Dewi Lake,Wales,HOOKER,10.0,11.600258
338,Dewi Lake,Wales,HOOKER,10.5,10.936749
339,Jac Morgan,Wales,BACK-ROW,16.0,22.230322
339,Jac Morgan,Wales,BACK-ROW,17.2,25.983473
339,Jac Morgan,Wales,BACK-ROW,17.0,29.543806
339,Jac Morgan,Wales,BACK-ROW,17.7,37.450706
339,Jac Morgan,Wales,BACK-ROW,18.1,28.050833
341,Christ Tshiunza,Wales,SECOND-ROW,10.2,0.26026887
341,Christ Tshiunza,Wales,SECOND-ROW,10.2,-0.3199584
341,Christ Tshiunza,Wales,SECOND-ROW,10.2,0.14849989
341,Christ Tshiunza,Wales,SECOND-ROW,10.2,2.0803335
341,Christ Tshiunza,Wales,SECOND-ROW,10.2,1.0579504
342,Pierre Schoeman,Scotland,PROP,13.0,20.078524
342,Pierre Schoeman,Scotland,PROP,12.9,9.760803
342,Pierre Schoeman,Scotland,PROP,12.9,18.515022
342,Pierre Schoeman,Scotland,PROP,12.3,15.383771
342,Pierre Schoeman,Scotland,PROP,12.3,17.32573
350,Kyle Rowe,Scotland,BACK-THREE,10.0,7.4208508
350,Kyle Rowe,Scotland,BACK-THREE,10.1,-0.73279613
350,Kyle Rowe,Scotland,BACK-THREE,9.7,15.112401
350,Kyle Rowe,Scotland,BACK-THREE,10.1,7.9755154
350,Kyle Rowe,Scotland,BACK-THREE,10.1,0.41954422
351,Rory Darge,Scotland,BACK-ROW,14.0,21.607737
351,Rory Darge,Scotland,BACK-ROW,15.3,24.199526
351,Rory Darge,Scotland,BACK-ROW,15.5,19.586416
351,Rory Darge,Scotland,BACK-ROW,15.1,15.370442
351,Rory Darge,Scotland,BACK-ROW,14.9,13.620604
352,Ben White,Scotland,SCRUM-HALF,14.0,21.106564
352,Ben White,Scotland,SCRUM-HALF,14.1,21.704039
352,Ben White,Scotland,SCRUM-HALF,14.3,15.939613
352,Ben White,Scotland,SCRUM-HALF,14.5,11.508153
352,Ben White,Scotland,SCRUM-HALF,14.1,12.776611
354,Ewan Ashman,Scotland,HOOKER,13.0,10.318413
354,Ewan Ashman,Scotland,HOOKER,13.4,10.517845
354,Ewan Ashman,Scotland,HOOKER,13.4,11.820066
354,Ewan Ashman,Scotland,HOOKER,13.1,14.434193
354,Ewan Ashman,Scotland,HOOKER,13.4,12.927261
358,Harry Randall,England,SCRUM-HALF,12.0,7.24564
358,Harry Randall,England,SCRUM-HALF,12.0,-0.22672357
358,Harry Randall,England,SCRUM-HALF,11.7,8.361427
358,Harry Randall,England,SCRUM-HALF,12.0,1.3039469
358,Harry Randall,England,SCRUM-HALF,11.5,-0.04249753
361,Marcus Smith,England,FLY-HALF,17.0,22.869942
361,Marcus Smith,England,FLY-HALF,17.5,27.509783
361,Marcus Smith,England,FLY-HALF,17.3,31.325918
361,Marcus Smith,England,FLY-HALF,16.9,27.177267
361,Marcus Smith,England,FLY-HALF,17.7,40.322147
362,Joe Heyes,England,PROP,8.0,6.739887
362,Joe Heyes,England,PROP,8.0,5.552298
362,Joe Heyes,England,PROP,8.1,6.8149805
362,Joe Heyes,England,PROP,8.5,9.434185
362,Joe Heyes,England,PROP,8.5,7.3096585
365,Freddie Steward,England,BACK-THREE,12.0,17.488329
365,Freddie Steward,England,BACK-THREE,12.0,0.1530156
365,Freddie Steward,England,BACK-THREE,12.0,0.7733042
365,Freddie Steward,England,BACK-THREE,12.0,1.3355277
365,Freddie Steward,England,BACK-THREE,11.3,-0.482199
368,Tommy Freeman,England,BACK-THREE,14.0,19.560751
368,Tommy Freeman,England,BACK-THREE,14.5,24.595758
368,Tommy Freeman,England,BACK-THREE,15.2,32.708424
368,Tommy Freeman,England,BACK-THREE,15.3,35.626232
368,Tommy Freeman,England,BACK-THREE,16.3,26.002256
369,Ollie Chessum,England,SECOND-ROW,13.0,9.759234
369,Ollie Chessum,England,SECOND-ROW,13.1,9.60056
369,Ollie Chessum,England,SECOND-ROW,13.1,21.964687
369,Ollie Chessum,England,SECOND-ROW,12.8,24.035685
369,Ollie Chessum,England,SECOND-ROW,13.9,18.659338
383,Yoram Moefana,France,CENTRE,12.0,20.656317
383,Yoram Moefana,France,CENTRE,12.4,18.268984
383,Yoram Moefana,France,CENTRE,12.3,18.019274
383,Yoram Moefana,France,CENTRE,13.1,20.948978
383,Yoram Moefana,France,CENTRE,13.1,22.619928
385,Thibaud Flament,France,SECOND-ROW,11.5,1.1724914
385,Thibaud Flament,France,SECOND-ROW,11.5,1.9027668
385,Thibaud Flament,France,SECOND-ROW,11.5,16.796888
385,Thibaud Flament,France,SECOND-ROW,11.4,15.210341
385,Thibaud Flament,France,SECOND-ROW,11.5,14.369924
389,Monty Ioane,Italy,BACK-THREE,16.0,20.63002
389,Monty Ioane,Italy,BACK-THREE,15.8,20.685007
389,Monty Ioane,Italy,BACK-THREE,16.0,2.0986717
389,Monty Ioane,Italy,BACK-THREE,14.9,18.973154
389,Monty Ioane,Italy,BACK-THREE,14.6,18.10843
393,Juan Ignacio Brex,Italy,CENTRE,14.0,18.356405
393,Juan Ignacio Brex,Italy,CENTRE,14.3,20.9426
393,Juan Ignacio Brex,Italy,CENTRE,13.6,19.719183
393,Juan Ignacio Brex,Italy,CENTRE,13.9,20.859957
393,Juan Ignacio Brex,Italy,CENTRE,13.5,11.309151
395,Michele Lamaro,Italy,BACK-ROW,15.0,21.696959
395,Michele Lamaro,Italy,BACK-ROW,15.3,19.363409
395,Michele Lamaro,Italy,BACK-ROW,15.4,18.829865
395,Michele Lamaro,Italy,BACK-ROW,15.6,17.172323
395,Michele Lamaro,Italy,BACK-ROW,15.6,5.227902
398,Manuel Zuliani,Italy,BACK-ROW,10.0,8.625353
398,Manuel Zuliani,Italy,BACK-ROW,10.4,9.054699
398,Manuel Zuliani,Italy,BACK-ROW,10.7,12.120913
398,Manuel Zuliani,Italy,BACK-ROW,11.1,16.003422
398,Manuel Zuliani,Italy,BACK-ROW,12.0,19.92533
400,Tommaso Menoncello,Italy,CENTRE,15.0,19.493216
400,Tommaso Menoncello,Italy,CENTRE,15.8,23.798
400,Tommaso Menoncello,Italy,CENTRE,15.2,24.69171
400,Tommaso Menoncello,Italy,CENTRE,16.0,29.638937
400,Tommaso Menoncello,Italy,CENTRE,16.8,23.24753
401,Giacomo Nicotera,Italy,HOOKER,13.0,19.728327
401,Giacomo Nicotera,Italy,HOOKER,13.4,16.78102
401,Giacomo Nicotera,Italy,HOOKER,13.4,6.512704
401,Giacomo Nicotera,Italy,HOOKER,13.3,15.954876
401,Giacomo Nicotera,Italy,HOOKER,13.4,5.528727
402,Leonardo Marin,Italy,FLY-HALF,8.5,-0.5582705
402,Leonardo Marin,Italy,FLY-HALF,8.5,-1.1791338
402,Leonardo Marin,Italy,FLY-HALF,8.5,-0.9057903
402,Leonardo Marin,Italy,FLY-HALF,8.5,-0.3258264
402,Leonardo Marin,Italy,FLY-HALF,8.5,5.8936005
409,Paul Boudehent,France,BACK-ROW,13.0,20.919573
409,Paul Boudehent,France,BACK-ROW,12.9,17.70268
409,Paul Boudehent,France,BACK-ROW,12.8,14.788142
409,Paul Boudehent,France,BACK-ROW,13.3,13.329869
409,Paul Boudehent,France,BACK-ROW,13.9,15.51826
411,Ange Capuozzo,Italy,BACK-THREE,16.0,20.63002
411,Ange Capuozzo,Italy,BACK-THREE,15.7,20.44034
411,Ange Capuozzo,Italy,BACK-THREE,15.4,20.296368
411,Ange Capuozzo,Italy,BACK-THREE,15.5,19.244736
411,Ange Capuozzo,Italy,BACK-THREE,15.8,20.670147
415,Pierre-Louis Barassi,France,CENTRE,12.0,20.656317
415,Pierre-Louis Barassi,France,CENTRE,12.5,18.690567
415,Pierre-Louis Barassi,France,CENTRE,12.2,16.22206
415,Pierre-Louis Barassi,France,CENTRE,12.4,16.94552
415,Pierre-Louis Barassi,France,CENTRE,12.6,1.4772668
420,James Lowe,Ireland,BACK-THREE,18.0,26.88927
420,James Lowe,Ireland,BACK-THREE,18.4,27.868813
420,James Lowe,Ireland,BACK-THREE,18.3,24.469559
420,James Lowe,Ireland,BACK-THREE,18.4,3.535637
420,James Lowe,Ireland,BACK-THREE,17.4,26.951052
421,Jimmy O'Brien,Ireland,BACK-THREE,10.2,-0.12801827
421,Jimmy O'Brien,Ireland,BACK-THREE,10.2,0.33272922
421,Jimmy O'Brien,Ireland,BACK-THREE,10.2,0.22325467
421,Jimmy O'Brien,Ireland,BACK-THREE,10.2,-0.19758005
421,Jimmy O'Brien,Ireland,BACK-THREE,10.2,0.1194372
423,Marshall Sykes,Scotland,SECOND-ROW,7.6,-0.8017602
423,Marshall Sykes,Scotland,SECOND-ROW,7.6,-1.1970403
423,Marshall Sykes,Scotland,SECOND-ROW,7.6,-1.0649539
423,Marshall Sykes,Scotland,SECOND-ROW,7.6,-1.614954
423,Marshall Sykes,Scotland,SECOND-ROW,7.6,5.190811
424,Ollie Smith,Scotland,CENTRE,9.2,-0.8904586
424,Ollie Smith,Scotland,CENTRE,9.2,-0.8943535
424,Ollie Smith,Scotland,CENTRE,9.2,-0.7090709
424,Ollie Smith,Scotland,CENTRE,9.2,-1.2116218
424,Ollie Smith,Scotland,CENTRE,9.2,-0.67209274
428,Alex Mitchell,England,SCRUM-HALF,14.0,19.560751
428,Alex Mitchell,England,SCRUM-HALF,13.8,19.516565
428,Alex Mitchell,England,SCRUM-HALF,13.3,19.855865
428,Alex Mitchell,England,SCRUM-HALF,13.0,19.269072
428,Alex Mitchell,England,SCRUM-HALF,12.9,13.995011
432,Simone Gesi,Italy,BACK-THREE,11.0,7.222901
432,Simone Gesi,Italy,BACK-THREE,11.1,0.24823497
432,Simone Gesi,Italy,BACK-THREE,11.1,19.150557
432,Simone Gesi,Italy,BACK-THREE,11.1,5.074934
432,Simone Gesi,Italy,BACK-THREE,10.9,-0.5057467
434,Joe McCarthy,Ireland,SECOND-ROW,13.6,4.5735755
434,Joe McCarthy,Ireland,SECOND-ROW,13.6,5.0567403
434,Joe McCarthy,Ireland,SECOND-ROW,13.4,19.563395
434,Joe McCarthy,Ireland,SECOND-ROW,13.6,20.053656
434,Joe McCarthy,Ireland,SECOND-ROW,13.4,7.0745716
677,Tommy Reffell,Wales,BACK-ROW,17.0,12.448464
677,Tommy Reffell,Wales,BACK-ROW,17.1,5.3332887
677,Tommy Reffell,Wales,BACK-ROW,17.1,24.867342
677,Tommy Reffell,Wales,BACK-ROW,17.1,28.443296
677,Tommy Reffell,Wales,BACK-ROW,17.1,11.325498
679,Teddy Williams,Wales,SECOND-ROW,11.1,0.72218144
679,Teddy Williams,Wales,SECOND-ROW,8.8,8.182409
679,Teddy Williams,Wales,SECOND-ROW,8.8,8.269907
679,Teddy Williams,Wales,SECOND-ROW,9.0,13.38815
679,Teddy Williams,Wales,SECOND-ROW,11.1,12.836418
682,Dafydd Jenkins,Wales,SECOND-ROW,15.0,21.384932
682,Dafydd Jenkins,Wales,SECOND-ROW,15.9,2.4204323
682,Dafydd Jenkins,Wales,SECOND-ROW,15.3,20.63926
682,Dafydd Jenkins,Wales,SECOND-ROW,15.0,24.703669
682,Dafydd Jenkins,Wales,SECOND-ROW,15.9,20.844696
685,Ben Curry,England,BACK-ROW,13.0,19.678656
685,Ben Curry,England,BACK-ROW,13.2,7.784788
685,Ben Curry,England,BACK-ROW,13.0,7.7911854
685,Ben Curry,England,BACK-ROW,13.3,9.800678
685,Ben Curry,England,BACK-ROW,13.9,24.367228
687,Jack van Poortvliet,England,SCRUM-HALF,12.1,0.10370062
687,Jack van Poortvliet,England,SCRUM-HALF,12.1,0.12921874
687,Jack van Poortvliet,England,SCRUM-HALF,12.1,0.411094
687,Jack van Poortvliet,England,SCRUM-HALF,12.1,8.078381
687,Jack van Poortvliet,England,SCRUM-HALF,11.9,5.576188
689,Fin Smith,England,FLY-HALF,9.0,6.6395884
689,Fin Smith,England,FLY-HALF,9.4,16.26988
689,Fin Smith,England,FLY-HALF,10.7,21.049467
689,Fin Smith,England,FLY-HALF,11.4,23.963917
689,Fin Smith,England,FLY-HALF,12.3,12.06093
690,Jack Dempsey,Scotland,BACK-ROW,16.0,12.824673
690,Jack Dempsey,Scotland,BACK-ROW,16.4,25.295612
690,Jack Dempsey,Scotland,BACK-ROW,16.6,24.589659
690,Jack Dempsey,Scotland,BACK-ROW,16.5,25.745382
690,Jack Dempsey,Scotland,BACK-ROW,17.2,9.8024645
691,Dave Cherry,Scotland,HOOKER,9.0,14.487837
691,Dave Cherry,Scotland,HOOKER,9.6,14.992362
691,Dave Cherry,Scotland,HOOKER,10.0,11.769193
691,Dave Cherry,Scotland,HOOKER,9.9,7.867552
691,Dave Cherry,Scotland,HOOKER,10.2,9.186886
693,Stafford McDowall,Scotland,CENTRE,8.0,14.781167
693,Stafford McDowall,Scotland,CENTRE,8.0,5.4644356
693,Stafford McDowall,Scotland,CENTRE,8.7,6.187809
693,Stafford McDowall,Scotland,CENTRE,9.6,7.027605
693,Stafford McDowall,Scotland,CENTRE,9.8,12.919336
697,Reda Wardi,France,PROP,7.8,-0.54991543
697,Reda Wardi,France,PROP,7.8,-0.17285521
697,Reda Wardi,France,PROP,7.8,-0.5903809
697,Reda Wardi,France,PROP,7.8,-0.5658711
697,Reda Wardi,France,PROP,7.8,-0.38112378
702,Nolann Le Garrec,France,SCRUM-HALF,12.0,8.257907
702,Nolann Le Garrec,France,SCRUM-HALF,12.0,7.811382
702,Nolann Le Garrec,France,SCRUM-HALF,12.0,0.08307581
702,Nolann Le Garrec,France,SCRUM-HALF,12.0,0.91448873
702,Nolann Le Garrec,France,SCRUM-HALF,11.5,8.789823
704,Louis Bielle-Biarrey,France,BACK-THREE,15.0,23.502132
704,Louis Bielle-Biarrey,France,BACK-THREE,15.9,27.570936
704,Louis Bielle-Biarrey,France,BACK-THREE,17.4,35.945984
704,Louis Bielle-Biarrey,France,BACK-THREE,17.7,41.589985
704,Louis Bielle-Biarrey,France,BACK-THREE,18.3,34.700924
705,Jack Crowley,Ireland,FLY-HALF,14.0,10.100813
705,Jack Crowley,Ireland,FLY-HALF,14.0,6.802398
705,Jack Crowley,Ireland,FLY-HALF,13.8,5.755508
705,Jack Crowley,Ireland,FLY-HALF,13.8,6.1738453
705,Jack Crowley,Ireland,FLY-HALF,13.9,23.11643
706,Jamie Osborne,Ireland,CENTRE,10.3,-0.07832278
706,Jamie Osborne,Ireland,CENTRE,10.3,0.36598074
706,Jamie Osborne,Ireland,CENTRE,8.7,14.876189
706,Jamie Osborne,Ireland,CENTRE,9.9,20.233734
706,Jamie Osborne,Ireland,CENTRE,10.3,2.6743913
710,Lorenzo Cannone,Italy,BACK-ROW,14.0,20.693708
710,Lorenzo Cannone,Italy,BACK-ROW,14.4,20.744963
710,Lorenzo Cannone,Italy,BACK-ROW,16.3,23.583895
710,Lorenzo Cannone,Italy,BACK-ROW,16.2,12.516506
710,Lorenzo Cannone,Italy,BACK-ROW,16.2,23.692108
712,Alessandro Garbisi,Italy,SCRUM-HALF,8.0,6.691924
712,Alessandro Garbisi,Italy,SCRUM-HALF,8.0,6.2545404
712,Alessandro Garbisi,Italy,SCRUM-HALF,8.0,7.2398314
712,Alessandro Garbisi,Italy,SCRUM-HALF,8.3,1.6681939
712,Alessandro Garbisi,Italy,SCRUM-HALF,8.3,-0.5100987
713,Mirco Spagnolo,Italy,PROP,8.2,-0.08522846
713,Mirco Spagnolo,Italy,PROP,8.2,-1.2810335
713,Mirco Spagnolo,Italy,PROP,8.0,6.58947
713,Mirco Spagnolo,Italy,PROP,8.2,8.601807
713,Mirco Spagnolo,Italy,PROP,8.2,6.546066
961,Caolin Blade,Ireland,SCRUM-HALF,7.6,-0.9641596
961,Caolin Blade,Ireland,SCRUM-HALF,7.6,-0.5109143
961,Caolin Blade,Ireland,SCRUM-HALF,7.6,-0.6895786
961,Caolin Blade,Ireland,SCRUM-HALF,7.6,-1.0872283
961,Caolin Blade,Ireland,SCRUM-HALF,7.6,-0.70422953
982,Ciaran Frawley,Ireland,FLY-HALF,9.2,-0.48489475
982,Ciaran Frawley,Ireland,FLY-HALF,9.2,0.010733232
982,Ciaran Frawley,Ireland,FLY-HALF,9.2,-0.11100079
982,Ciaran Frawley,Ireland,FLY-HALF,9.2,-0.5621795
982,Ciaran Frawley,Ireland,FLY-HALF,9.2,-0.19356908
1240,Pierre Bourgarit,France,HOOKER,7.9,-0.51890886
1240,Pierre Bourgarit,France,HOOKER,7.9,-0.13293977
1240,Pierre Bourgarit,France,HOOKER,7.9,-0.54933846
1240,Pierre Bourgarit,France,HOOKER,7.9,-0.5205651
1240,Pierre Bourgarit,France,HOOKER,7.9,-0.33856076
1243,Dino Lamb,Italy,SECOND-ROW,8.0,13.596071
1243,Dino Lamb,Italy,SECOND-ROW,8.5,4.4982634
1243,Dino Lamb,Italy,SECOND-ROW,8.5,-2.86824
1243,Dino Lamb,Italy,SECOND-ROW,8.5,-2.4288852
1243,Dino Lamb,Italy,SECOND-ROW,8.2,6.498815
1244,Martin Page-Relo,Italy,SCRUM-HALF,10.0,14.696764
1244,Martin Page-Relo,Italy,SCRUM-HALF,9.7,12.487745
1244,Martin Page-Relo,Italy,SCRUM-HALF,9.8,13.901148
1244,Martin Page-Relo,Italy,SCRUM-HALF,9.8,6.0045633
1244,Martin Page-Relo,Italy,SCRUM-HALF,10.0,18.278196
1247,George Martin,England,SECOND-ROW,13.0,19.678656
1247,George Martin,England,SECOND-ROW,13.0,17.342787
1247,George Martin,England,SECOND-ROW,13.0,-1.3631449
1247,George Martin,England,SECOND-ROW,13.0,-1.2708337
1247,George Martin,England,SECOND-ROW,12.6,0.08679776
1248,Theo Dan,England,HOOKER,10.0,7.975316
1248,Theo Dan,England,HOOKER,10.0,0.48928505
1248,Theo Dan,England,HOOKER,10.0,0.7582712
1248,Theo Dan,England,HOOKER,10.0,1.2632703
1248,Theo Dan,England,HOOKER,9.8,-0.3248651
1250,Henry Thomas,Wales,PROP,7.0,12.2211
1250,Henry Thomas,Wales,PROP,7.7,10.101728
1250,Henry Thomas,Wales,PROP,7.6,3.6395078
1250,Henry Thomas,Wales,PROP,7.7,-2.1711738
1250,Henry Thomas,Wales,PROP,7.6,-2.2067015
1257,Emmanuel Meafou,France,SECOND-ROW,11.0,17.933428
1257,Emmanuel Meafou,France,SECOND-ROW,11.6,16.902424
1257,Emmanuel Meafou,France,SECOND-ROW,11.8,-0.62343717
1257,Emmanuel Meafou,France,SECOND-ROW,11.7,5.0897098
1257,Emmanuel Meafou,France,SECOND-ROW,11.8,8.211197
1260,Nicolas Depoortere,France,CENTRE,12.8,0.9100804
1260,Nicolas Depoortere,France,CENTRE,12.8,1.368558
1260,Nicolas Depoortere,France,CENTRE,12.8,0.7286933
1260,Nicolas Depoortere,France,CENTRE,12.8,0.7462182
1260,Nicolas Depoortere,France,CENTRE,12.8,1.3199773
1261,Calvin Nash,Ireland,BACK-THREE,11.7,0.6473025
1261,Calvin Nash,Ireland,BACK-THREE,11.7,18.524454
1261,Calvin Nash,Ireland,BACK-THREE,11.7,0.06975989
1261,Calvin Nash,Ireland,BACK-THREE,11.7,16.496054
1261,Calvin Nash,Ireland,BACK-THREE,11.6,-2.6542985
1263,Alessandro Izekor,Italy,BACK-ROW,6.6,-0.4011141
1263,Alessandro Izekor,Italy,BACK-ROW,6.6,-1.6959665
1263,Alessandro Izekor,Italy,BACK-ROW,6.6,-1.3761724
1263,Alessandro Izekor,Italy,BACK-ROW,6.6,-0.5503801
1263,Alessandro Izekor,Italy,BACK-ROW,6.6,-1.756499
1264,Ross Vintcent,Italy,BACK-ROW,12.0,9.383147
1264,Ross Vintcent,Italy,BACK-ROW,12.0,9.408783
1264,Ross Vintcent,Italy,BACK-ROW,12.2,11.594568
1264,Ross Vintcent,Italy,BACK-ROW,12.3,24.278383
1264,Ross Vintcent,Italy,BACK-ROW,13.4,16.721628
1266,Alex Coles,England,SECOND-ROW,7.6,-0.20357145
1266,Alex Coles,England,SECOND-ROW,7.6,-1.2246778
1266,Alex Coles,England,SECOND-ROW,7.6,-0.9342053
1266,Alex Coles,England,SECOND-ROW,7.6,-0.8037104
1266,Alex Coles,England,SECOND-ROW,7.6,-1.3198438
1268,Tom Roebuck,England,BACK-THREE,10.2,-0.2809224
1268,Tom Roebuck,England,BACK-THREE,10.2,-0.5742992
1268,Tom Roebuck,England,BACK-THREE,10.2,-0.32056057
1268,Tom Roebuck,England,BACK-THREE,10.2,-0.26602674
1268,Tom Roebuck,England,BACK-THREE,10.2,14.221432
1270,Oscar Beard,England,CENTRE,8.5,-0.54424393
1270,Oscar Beard,England,CENTRE,8.5,-1.1282408
1270,Oscar Beard,England,CENTRE,8.5,-0.87344563
1270,Oscar Beard,England,CENTRE,8.5,-0.8617567
1270,Oscar Beard,England,CENTRE,8.5,-1.1697438
1271,Chandler Cunningham-South,England,BACK-ROW,13.0,9.759235
1271,Chandler Cunningham-South,England,BACK-ROW,13.2,1.3687605
1271,Chandler Cunningham-South,England,BACK-ROW,12.7,10.291495
1271,Chandler Cunningham-South,England,BACK-ROW,12.8,12.095755
1271,Chandler Cunningham-South,England,BACK-ROW,13.2,8.095383
1272,Keiron Assiratti,Wales,PROP,8.0,8.625444
1272,Keiron Assiratti,Wales,PROP,8.1,7.5566883
1272,Keiron Assiratti,Wales,PROP,8.3,-0.8721623
1272,Keiron Assiratti,Wales,PROP,8.0,10.578585
1272,Keiron Assiratti,Wales,PROP,8.3,8.616619
1273,James Botham,Wales,BACK-ROW,11.0,17.091105
1273,James Botham,Wales,BACK-ROW,11.4,14.947099
1273,James Botham,Wales,BACK-ROW,11.4,-2.23743
1273,James Botham,Wales,BACK-ROW,11.4,-1.7076113
1273,James Botham,Wales,BACK-ROW,11.1,-0.5472558
1275,Tom Rogers,Wales,BACK-THREE,11.0,14.1271515
1275,Tom Rogers,Wales,BACK-THREE,11.0,13.18738
1275,Tom Rogers,Wales,BACK-THREE,10.8,12.059633
1275,Tom Rogers,Wales,BACK-THREE,11.3,11.890472
1275,Tom Rogers,Wales,BACK-THREE,11.3,-2.6016378
1276,Kemsley Mathias,Wales,PROP,6.6,-0.4660315
1276,Kemsley Mathias,Wales,PROP,6.6,-1.1517595
1276,Kemsley Mathias,Wales,PROP,6.6,-1.360963
1276,Kemsley Mathias,Wales,PROP,6.6,0.32746172
1276,Kemsley Mathias,Wales,PROP,6.6,-0.8261446
1277,Joe Roberts,Wales,CENTRE,10.5,-0.006021753
1277,Joe Roberts,Wales,CENTRE,10.5,-0.22791149
1277,Joe Roberts,Wales,CENTRE,9.6,7.4964833
1277,Joe Roberts,Wales,CENTRE,9.7,8.38366
1277,Joe Roberts,Wales,CENTRE,10.5,18.41738
1280,Evan Lloyd,Wales,HOOKER,8.0,13.297952
1280,Evan Lloyd,Wales,HOOKER,8.2,9.9555855
1280,Evan Lloyd,Wales,HOOKER,8.4,0.8304597
1280,Evan Lloyd,Wales,HOOKER,8.4,-2.4968984
1280,Evan Lloyd,Wales,HOOKER,8.3,-1.3082824
1285,Will Hurd,Scotland,PROP,7.0,5.8999834
1285,Will Hurd,Scotland,PROP,7.2,5.1761866
1285,Will Hurd,Scotland,PROP,7.1,5.0732365
1285,Will Hurd,Scotland,PROP,7.1,4.6553364
1285,Will Hurd,Scotland,PROP,7.2,7.357178
1288,Max Ojomoh,England,CENTRE,8.0,-0.6169654
1288,Max Ojomoh,England,CENTRE,8.0,-1.2636309
1288,Max Ojomoh,England,CENTRE,8.0,-1.0285622
1288,Max Ojomoh,England,CENTRE,8.0,-1.0372212
1288,Max Ojomoh,England,CENTRE,8.0,-1.2531497
1291,Leo Barre,France,BACK-THREE,13.4,1.4309274
1291,Leo Barre,France,BACK-THREE,13.4,1.9220635
1291,Leo Barre,France,BACK-THREE,11.5,17.548208
1291,Leo Barre,France,BACK-THREE,13.4,8.032549
1291,Leo Barre,France,BACK-THREE,13.4,11.389353
1293,Lenni Nouchi,France,BACK-ROW,7.6,-0.6119286
1293,Lenni Nouchi,France,BACK-ROW,7.6,-0.25271726
1293,Lenni Nouchi,France,BACK-ROW,7.6,-0.67255604
1293,Lenni Nouchi,France,BACK-ROW,7.6,-0.6566807
1293,Lenni Nouchi,France,BACK-ROW,7.6,-0.46650666
1296,Marko Gazzotti,France,BACK-ROW,7.6,-0.6119286
1296,Marko Gazzotti,France,BACK-ROW,7.6,-0.25271726
1296,Marko Gazzotti,France,BACK-ROW,7.6,-0.67255604
1296,Marko Gazzotti,France,BACK-ROW,7.6,-0.6566807
1296,Marko Gazzotti,France,BACK-ROW,7.6,-0.46650666
1300,Jamie Dobie,Scotland,SCRUM-HALF,11.0,-0.31183422
1300,Jamie Dobie,Scotland,SCRUM-HALF,10.8,7.473956
1300,Jamie Dobie,Scotland,SCRUM-HALF,11.0,7.0351734
1300,Jamie Dobie,Scotland,SCRUM-HALF,11.0,0.05087231
1300,Jamie Dobie,Scotland,SCRUM-HALF,10.8,10.273516
1305,Rhodri Williams,Wales,SCRUM-HALF,9.0,6.9173403
1305,Rhodri Williams,Wales,SCRUM-HALF,9.0,6.130681
1305,Rhodri Williams,Wales,SCRUM-HALF,9.0,-0.6242925
1305,Rhodri Williams,Wales,SCRUM-HALF,8.8,8.923689
1305,Rhodri Williams,Wales,SCRUM-HALF,9.0,8.510965
1306,Ben Thomas,Wales,CENTRE,13.0,15.825266
1306,Ben Thomas,Wales,CENTRE,13.1,17.109602
1306,Ben Thomas,Wales,CENTRE,12.8,21.478113
1306,Ben Thomas,Wales,CENTRE,12.8,25.01883
1306,Ben Thomas,Wales,CENTRE,13.6,21.797377
1307,Ellis Bevan,Wales,SCRUM-HALF,10.2,-0.10772295
1307,Ellis Bevan,Wales,SCRUM-HALF,10.2,-0.3285709
1307,Ellis Bevan,Wales,SCRUM-HALF,10.2,-0.16881926
1307,Ellis Bevan,Wales,SCRUM-HALF,10.2,0.8811396
1307,Ellis Bevan,Wales,SCRUM-HALF,10.2,0.23903917
1308,Freddie Thomas,Wales,SECOND-ROW,9.0,9.085847
1308,Freddie Thomas,Wales,SECOND-ROW,8.9,12.578171
1308,Freddie Thomas,Wales,SECOND-ROW,9.0,-3.1242826
1308,Freddie Thomas,Wales,SECOND-ROW,9.0,-2.372895
1308,Freddie Thomas,Wales,SECOND-ROW,8.9,-1.5701662
1309,Eddie James,Wales,CENTRE,8.8,-0.44991976
1309,Eddie James,Wales,CENTRE,8.8,11.845455
1309,Eddie James,Wales,CENTRE,8.8,-0.90740687
1309,Eddie James,Wales,CENTRE,8.8,0.104795024
1309,Eddie James,Wales,CENTRE,8.5,-1.0149734
1310,Dan Edwards,Wales,FLY-HALF,11.0,7.534301
1310,Dan Edwards,Wales,FLY-HALF,11.0,7.5044003
1310,Dan Edwards,Wales,FLY-HALF,11.0,0.9263209
1310,Dan Edwards,Wales,FLY-HALF,11.0,4.2633014
1310,Dan Edwards,Wales,FLY-HALF,10.7,3.3063302
1311,Josh Hathaway,Wales,BACK-THREE,9.8,-0.24269857
1311,Josh Hathaway,Wales,BACK-THREE,9.8,6.569901
1311,Josh Hathaway,Wales,BACK-THREE,9.8,-0.437321
1311,Josh Hathaway,Wales,BACK-THREE,9.8,1.0164415
1311,Josh Hathaway,Wales,BACK-THREE,9.2,0.5066863
1312,Blair Murray,Wales,BACK-THREE,11.0,7.534301
1312,Blair Murray,Wales,BACK-THREE,11.0,13.436391
1312,Blair Murray,Wales,BACK-THREE,11.4,16.743336
1312,Blair Murray,Wales,BACK-THREE,13.0,22.82679
1312,Blair Murray,Wales,BACK-THREE,13.4,28.466686
1313,Ellis Mee,Wales,BACK-THREE,11.2,0.23128025
1313,Ellis Mee,Wales,BACK-THREE,11.2,0.029791757
1313,Ellis Mee,Wales,BACK-THREE,10.6,13.432495
1313,Ellis Mee,Wales,BACK-THREE,11.2,18.119253
1313,Ellis Mee,Wales,BACK-THREE,11.2,20.62324
1314,Matt Gallagher,Italy,BACK-THREE,10.4,-0.26929992
1314,Matt Gallagher,Italy,BACK-THREE,10.4,-0.5113628
1314,Matt Gallagher,Italy,BACK-THREE,10.4,-0.17122824
1314,Matt Gallagher,Italy,BACK-THREE,10.4,14.398847
1314,Matt Gallagher,Italy,BACK-THREE,10.0,-2.0045955
1317,Joshua Brennan,France,SECOND-ROW,7.6,-0.6119286
1317,Joshua Brennan,France,SECOND-ROW,7.6,-0.25271726
1317,Joshua Brennan,France,SECOND-ROW,7.6,-0.67255604
1317,Joshua Brennan,France,SECOND-ROW,7.6,-0.6566807
1317,Joshua Brennan,France,SECOND-ROW,7.6,-0.46650666
1319,Hugo Auradou,France,SECOND-ROW,8.0,6.7989826
1319,Hugo Auradou,France,SECOND-ROW,8.2,5.253881
1319,Hugo Auradou,France,SECOND-ROW,8.5,-0.34542
1319,Hugo Auradou,France,SECOND-ROW,8.2,6.2910185
1319,Hugo Auradou,France,SECOND-ROW,8.5,6.9589715
1320,Oscar Jegou,France,BACK-ROW,10.0,8.436255
1320,Oscar Jegou,France,BACK-ROW,10.1,6.8328333
1320,Oscar Jegou,France,BACK-ROW,10.3,7.704232
1320,Oscar Jegou,France,BACK-ROW,10.6,10.789196
1320,Oscar Jegou,France,BACK-ROW,11.6,15.588344
1321,Gael Drean,France,BACK-THREE,10.2,-0.40460968
1321,Gael Drean,France,BACK-THREE,10.2,0.032220587
1321,Gael Drean,France,BACK-THREE,10.2,-0.24084629
1321,Gael Drean,France,BACK-THREE,10.2,-0.24043305
1321,Gael Drean,France,BACK-THREE,10.2,0.08125107
1322,Theo Attissogbe,France,BACK-THREE,11.0,19.683458
1322,Theo Attissogbe,France,BACK-THREE,13.2,4.9751635
1322,Theo Attissogbe,France,BACK-THREE,12.0,20.151875
1322,Theo Attissogbe,France,BACK-THREE,13.2,7.7374296
1322,Theo Attissogbe,France,BACK-THREE,13.2,5.250987
1324,D'Arcy Rae,Scotland,PROP,6.6,-1.0350695
1324,D'Arcy Rae,Scotland,PROP,6.6,-1.4826365
1324,D'Arcy Rae,Scotland,PROP,6.6,-1.4311478
1324,D'Arcy Rae,Scotland,PROP,6.6,-1.8050222
1324,D'Arcy Rae,Scotland,PROP,6.6,-1.258709
1326,Jack Mann,Scotland,BACK-ROW,7.6,-0.8017602
1326,Jack Mann,Scotland,BACK-ROW,7.6,-1.1970403
1326,Jack Mann,Scotland,BACK-ROW,7.6,-1.0649539
1326,Jack Mann,Scotland,BACK-ROW,7.6,-1.614954
1326,Jack Mann,Scotland,BACK-ROW,7.6,-0.9203687
1327,Fergus Burke,Scotland,FLY-HALF,9.2,-0.8904586
1327,Fergus Burke,Scotland,FLY-HALF,9.2,-0.8943535
1327,Fergus Burke,Scotland,FLY-HALF,9.2,-0.7090709
1327,Fergus Burke,Scotland,FLY-HALF,9.2,-1.2116218
1327,Fergus Burke,Scotland,FLY-HALF,9.2,-0.67209274
1328,Matt Currie,Scotland,CENTRE,8.5,-1.0540795
1328,Matt Currie,Scotland,CENTRE,8.5,-1.0823864
1328,Matt Currie,Scotland,CENTRE,8.5,-0.8384624
1328,Matt Currie,Scotland,CENTRE,8.5,-1.3897303
1328,Matt Currie,Scotland,CENTRE,8.5,-0.80986154
1329,Gregor Brown,Scotland,BACK-ROW,7.0,5.8999844
1329,Gregor Brown,Scotland,BACK-ROW,7.7,5.436182
1329,Gregor Brown,Scotland,BACK-ROW,7.7,6.7153463
1329,Gregor Brown,Scotland,BACK-ROW,7.9,7.461038
1329,Gregor Brown,Scotland,BACK-ROW,8.1,15.326889
1330,Patrick Harrison,Scotland,HOOKER,7.6,-0.8017602
1330,Patrick Harrison,Scotland,HOOKER,7.6,-1.1970403
1330,Patrick Harrison,Scotland,HOOKER,7.6,-1.0649539
1330,Patrick Harrison,Scotland,HOOKER,7.6,-1.614954
1330,Patrick Harrison,Scotland,HOOKER,7.6,-0.9203687
1331,Tom Jordan,Scotland,FLY-HALF,11.0,7.7413216
1331,Tom Jordan,Scotland,FLY-HALF,11.3,19.653477
1331,Tom Jordan,Scotland,FLY-HALF,11.2,15.901751
1331,Tom Jordan,Scotland,FLY-HALF,11.9,17.331694
1331,Tom Jordan,Scotland,FLY-HALF,13.9,26.359224
1332,Thomas Clarkson,Ireland,PROP,7.0,6.1432886
1332,Thomas Clarkson,Ireland,PROP,7.0,4.799566
1332,Thomas Clarkson,Ireland,PROP,7.2,12.079254
1332,Thomas Clarkson,Ireland,PROP,7.3,5.457752
1332,Thomas Clarkson,Ireland,PROP,7.2,-1.8761573
1334,Jack Boyle,Ireland,PROP,6.9,-0.7561108
1334,Jack Boyle,Ireland,PROP,6.9,-0.32421875
1334,Jack Boyle,Ireland,PROP,6.8,3.936164
1334,Jack Boyle,Ireland,PROP,6.9,-1.6007705
1334,Jack Boyle,Ireland,PROP,6.9,5.0886726
1335,Sam Prendergast,Ireland,FLY-HALF,12.0,21.058989
1335,Sam Prendergast,Ireland,FLY-HALF,12.2,21.65908
1335,Sam Prendergast,Ireland,FLY-HALF,13.3,22.83305
1335,Sam Prendergast,Ireland,FLY-HALF,14.0,22.819801
1335,Sam Prendergast,Ireland,FLY-HALF,14.4,9.330221
1336,Gus McCarthy,Ireland,HOOKER,8.8,-0.09215422
1336,Gus McCarthy,Ireland,HOOKER,8.8,0.45510286
1336,Gus McCarthy,Ireland,HOOKER,8.7,5.1788683
1336,Gus McCarthy,Ireland,HOOKER,8.8,-0.7829714
1336,Gus McCarthy,Ireland,HOOKER,8.8,6.567479
1337,Tom Willis,England,BACK-ROW,10.0,7.975316
1337,Tom Willis,England,BACK-ROW,10.0,15.3215065
1337,Tom Willis,England,BACK-ROW,11.3,18.979845
1337,Tom Willis,England,BACK-ROW,11.5,20.42868
1337,Tom Willis,England,BACK-ROW,13.1,7.975259
1338,Ollie Sleightholme,England,BACK-THREE,14.3,1.4851449
1338,Ollie Sleightholme,England,BACK-THREE,13.7,20.089693
1338,Ollie Sleightholme,England,BACK-THREE,13.6,20.857275
1338,Ollie Sleightholme,England,BACK-THREE,13.3,20.395714
1338,Ollie Sleightholme,England,BACK-THREE,14.3,4.263034
1339,Fin Baxter,England,PROP,9.0,7.308133
1339,Fin Baxter,England,PROP,9.2,6.333748
1339,Fin Baxter,England,PROP,10.0,10.529752
1339,Fin Baxter,England,PROP,10.1,11.835632
1339,Fin Baxter,England,PROP,10.0,9.926108
1341,Mickael Guillard,France,SECOND-ROW,8.0,6.7989826
1341,Mickael Guillard,France,SECOND-ROW,8.5,6.2884
1341,Mickael Guillard,France,SECOND-ROW,8.6,14.461793
1341,Mickael Guillard,France,SECOND-ROW,10.1,21.283419
1341,Mickael Guillard,France,SECOND-ROW,10.9,18.05498
1345,Henry Pollock,England,BACK-ROW,8.5,0.043158516
1345,Henry Pollock,England,BACK-ROW,8.5,-0.99708486
1345,Henry Pollock,England,BACK-ROW,8.5,-0.64383906
1345,Henry Pollock,England,BACK-ROW,8.5,-0.43616956
1345,Henry Pollock,England,BACK-ROW,8.5,4.86921
1352,Ben Warren,Wales,PROP,6.6,-0.4660315
1352,Ben Warren,Wales,PROP,6.6,-1.1517595
1352,Ben Warren,Wales,PROP,6.6,-1.360963
1352,Ben Warren,Wales,PROP,6.6,0.32746172
1352,Ben Warren,Wales,PROP,6.6,-0.8261446
1353,Ewan Johnson,Scotland,SECOND-ROW,6.6,-1.0350697
1353,Ewan Johnson,Scotland,SECOND-ROW,6.6,-1.4826365
1353,Ewan Johnson,Scotland,SECOND-ROW,6.6,-1.4311478
1353,Ewan Johnson,Scotland,SECOND-ROW,6.6,-1.8050222
1353,Ewan Johnson,Scotland,SECOND-ROW,6.6,-1.258709
1354,Euan Ferrie,Scotland,BACK-ROW,6.6,-1.0350695
1354,Euan Ferrie,Scotland,BACK-ROW,6.6,-1.4826365
1354,Euan Ferrie,Scotland,BACK-ROW,6.6,-1.4311478
1354,Euan Ferrie,Scotland,BACK-ROW,6.6,-1.8050222
1354,Euan Ferrie,Scotland,BACK-ROW,6.6,-1.258709
1355,Alexander Masibaka,Scotland,BACK-ROW,7.6,-0.8017602
1355,Alexander Masibaka,Scotland,BACK-ROW,7.6,-1.1970403
1355,Alexander Masibaka,Scotland,BACK-ROW,7.6,-1.0649539
1355,Alexander Masibaka,Scotland,BACK-ROW,7.6,-1.614954
1355,Alexander Masibaka,Scotland,BACK-ROW,7.6,-0.9203687
1357,Giulio Bertaccini,Italy,CENTRE,6.6,-0.8038447
1357,Giulio Bertaccini,Italy,CENTRE,6.6,-1.6934032
1357,Giulio Bertaccini,Italy,CENTRE,6.6,-1.4726691
1357,Giulio Bertaccini,Italy,CENTRE,6.6,-0.69187236
1357,Giulio Bertaccini,Italy,CENTRE,6.6,-1.7156508
1358,Tommaso Di Bartolomeo,Italy,HOOKER,6.6,-0.4011141
1358,Tommaso Di Bartolomeo,Italy,HOOKER,6.6,-1.6959665
1358,Tommaso Di Bartolomeo,Italy,HOOKER,6.6,-1.3761724
1358,Tommaso Di Bartolomeo,Italy,HOOKER,6.6,-0.5503801
1358,Tommaso Di Bartolomeo,Italy,HOOKER,6.6,-1.756499
1359,Tevita Tatafu,France,PROP,6.7,-0.8838879
1359,Tevita Tatafu,France,PROP,6.7,-0.6077127
1359,Tevita Tatafu,France,PROP,6.7,-1.0220456
1359,Tevita Tatafu,France,PROP,6.7,-0.99340034
1359,Tevita Tatafu,France,PROP,6.7,-0.85649693
1360,Taine Plumtree,Wales,BACK-ROW,8.6,-0.19756587
1360,Taine Plumtree,Wales,BACK-ROW,8.6,-0.844539
1360,Taine Plumtree,Wales,BACK-ROW,8.6,-0.5703708
1360,Taine Plumtree,Wales,BACK-ROW,8.6,1.1279424
1360,Taine Plumtree,Wales,BACK-ROW,8.6,0.17254506
1364,Max Llewellyn,Wales,CENTRE,11.9,0.4666081
1364,Max Llewellyn,Wales,CENTRE,11.9,0.2822984
1364,Max Llewellyn,Wales,CENTRE,10.8,13.724693
1364,Max Llewellyn,Wales,CENTRE,11.2,16.026518
1364,Max Llewellyn,Wales,CENTRE,11.9,21.72035
1367,Muhamed Hasa,Italy,PROP,6.9,-0.33909196
1367,Muhamed Hasa,Italy,PROP,6.9,-1.644809
1367,Muhamed Hasa,Italy,PROP,6.9,-1.3076913
1367,Muhamed Hasa,Italy,PROP,6.9,-0.42953575
1367,Muhamed Hasa,Italy,PROP,6.9,-1.7264056
1368,Nathan McBeth,Scotland,PROP,6.9,-0.96406937
1368,Nathan McBeth,Scotland,PROP,6.9,-1.3968937
1368,Nathan McBeth,Scotland,PROP,6.9,-1.3333745
1368,Nathan McBeth,Scotland,PROP,6.9,-1.7613704
1368,Nathan McBeth,Scotland,PROP,6.9,-1.1665579
1369,Ben Muncaster,Scotland,BACK-ROW,7.9,-0.73219824
1369,Ben Muncaster,Scotland,BACK-ROW,7.9,-1.111505
1369,Ben Muncaster,Scotland,BACK-ROW,7.9,-0.94711316
1369,Ben Muncaster,Scotland,BACK-ROW,7.9,-1.5206211
1369,Ben Muncaster,Scotland,BACK-ROW,7.9,5.4342413
1370,Regis Montagne,France,PROP,6.9,-0.82372856
1370,Regis Montagne,France,PROP,6.9,-0.5298339
1370,Regis Montagne,France,PROP,6.9,-0.9444289
1370,Regis Montagne,France,PROP,6.9,-0.9308634
1370,Regis Montagne,France,PROP,6.9,-0.77003455
1371,Marius Domon,France,BACK-THREE,6.9,-1.2540315
1371,Marius Domon,France,BACK-THREE,6.9,-0.832299
1371,Marius Domon,France,BACK-THREE,6.9,-1.0357623
1371,Marius Domon,France,BACK-THREE,6.9,-1.0699409
1371,Marius Domon,France,BACK-THREE,6.9,-1.0158527
1372,Hugo Reus,France,FLY-HALF,7.9,-1.0241833
1372,Hugo Reus,France,FLY-HALF,7.9,-0.54108846
1372,Hugo Reus,France,FLY-HALF,7.9,-0.7687402
1372,Hugo Reus,France,FLY-HALF,7.9,-0.80996764
1372,Hugo Reus,France,FLY-HALF,7.9,-0.69564646
1375,Theo Millet,France,CENTRE,7.0,-1.2310466
1375,Theo Millet,France,CENTRE,7.0,-0.80309546
1375,Theo Millet,France,CENTRE,7.0,-1.0088398
1375,Theo Millet,France,CENTRE,7.0,-1.0450296
1375,Theo Millet,France,CENTRE,7.0,-0.98379695
1376,Fabien Brau Boirie,France,CENTRE,7.0,-1.2310466
1376,Fabien Brau Boirie,France,CENTRE,7.0,-0.80309546
1376,Fabien Brau Boirie,France,CENTRE,7.0,-1.0088398
1376,Fabien Brau Boirie,France,CENTRE,7.0,-1.0450294
1376,Fabien Brau Boirie,France,CENTRE,7.0,-0.98379636
